{
    "IsEncrypted": false,
    "Values": {
        "AzureWebJobsStorage": "DefaultEndpointsProtocol=https;AccountName=testestoragex;AccountKey=FnSOIqyQ1XTKILsYB0QImPUfhwdsHace6IY828V08yegucze32TN/BPHuaXUDeWxEs0c6MVKaYeY42jf52ETeg==;EndpointSuffix=core.windows.net",
        "FUNCTIONS_WORKER_RUNTIME": "dotnet",
        "ConexaoCaminhoesBR":"Endpoint=sb://ihsuprodbnres013dednamespace.servicebus.windows.net/;SharedAccessKeyName=iothubowner;SharedAccessKey=OxONNA7jFdCudXPXqygNIXrnUYjhhXU664wMc/vP4Iw=;EntityPath=iothub-ehub-iothubdoje-1323656-008675a208"
    }
}