{
    "IsEncrypted": false,
    "Values": {
        "AzureWebJobsStorage": "DefaultEndpointsProtocol=https;AccountName=trabalhofinalstorage;AccountKey=WaxB3YJLSn2PA1pymyAldYH9Oan55WVHBLjy6FMXycsa7Qcv793jWljNEuNdP37oIxkGemyu9AHBOIv1orujuQ==;EndpointSuffix=core.windows.net",
        "FUNCTIONS_WORKER_RUNTIME": "dotnet",
        "Conexao":"Endpoint=sb://ihsuprodblres074dednamespace.servicebus.windows.net/;SharedAccessKeyName=iothubowner;SharedAccessKey=/9gZ2xjY+7OXZQhPSKr7YjZo3YmhJ9oVHFjMEfGyBlE=;EntityPath=iothub-ehub-trabalhofi-1371103-69ee3bde54"
    }
}